<?xml version="1.0" encoding="UTF-8"?>
<configuration>
    
    <property resource="application.properties" />
    <property name="LOG_PATTERN" value="[%d{yyyy-MM-dd HH:mm:ss}:%-3relative][%thread] %-5level %logger{35} - %msg%n" />
    <property name="FILE_PATH" value="../logs" />
    
    <appender name="STDOUT" class="ch.qos.logback.core.ConsoleAppender">
        <encoder>
            <pattern>${LOG_PATTERN}</pattern>
        </encoder>
    </appender>
    
    <appender name="rollingFile" class="ch.qos.logback.core.rolling.RollingFileAppender">
        <file>${FILE_PATH}/${spring.application.name}.log</file>
        <rollingPolicy class="ch.qos.logback.core.rolling.TimeBasedRollingPolicy">
            <fileNamePattern>${FILE_PATH}/${spring.application.name}.%d{yyyy-MM-dd}.%i.log.gz</fileNamePattern>
            <maxHistory>30</maxHistory>
            <timeBasedFileNamingAndTriggeringPolicy class="ch.qos.logback.core.rolling.SizeAndTimeBasedFNATP">
                <maxFileSize>50MB</maxFileSize>
            </timeBasedFileNamingAndTriggeringPolicy>
            
            <!-- 超出删除老文件 -->
            <!--            <totalSizeCap>1GB</totalSizeCap>-->
        </rollingPolicy>
        <encoder>
            <pattern>${LOG_PATTERN}</pattern>
        </encoder>
    </appender>
    
    <logger name="jdbc" level="OFF"/>
    
    <!-- - jdbc.sqlonly : SQL문만을 로그로 남기며, PreparedStatement일 경우 관련된 argument 값으로 대체된 SQL문이 보여진다.-->
    <!-- - jdbc.sqltiming : SQL문과 해당 SQL을 실행시키는데 수행된 시간 정보(milliseconds)를 포함한다.-->
    <!-- - jdbc.audit : ResultSet을 제외한 모든 JDBC 호출 정보를 로그로 남긴다. 많은 양의 로그가 생성되므로 특별히 JDBC 문제를 추적해야 할 필요가 있는 경우를 제외하고는 사용을 권장하지 않는다.-->
    <!-- - jdbc.resultset : ResultSet을 포함한 모든 JDBC 호출 정보를 로그로 남기므로 매우 방대한 양의 로그가 생성된다.-->
    <!-- - jdbc.resultsettable : SQL 결과 조회된 데이터의 table을 로그로 남긴다.-->
    <logger name="jdbc.sqlonly" level="OFF"/>
    <logger name="jdbc.sqltiming" level="DEBUG"/>
    <logger name="jdbc.audit" level="OFF"/>
    <logger name="jdbc.resultset" level="OFF"/>
    <logger name="jdbc.resultsettable" level="OFF"/>
    <logger name="jdbc.connection" level="OFF"/>
<!--    <Logger name="com.zaxxer.hikari" level="debug"></Logger>-->
    
    <root level="INFO">
        <appender-ref ref="STDOUT" />
        <appender-ref ref="rollingFile" />
    </root>

</configuration>
